,Average_zcr,Std_zcr,Average_mfcc,Std_mfcc,Encoded_Genre
song0,0.05978421899187306,0.048139961659140175,1.3005385206523892,66.31952092029337,2.0
song1,0.032855134921210366,0.01824814351383687,3.230269954545268,74.6955952281899,0.0
song2,0.052182910538126556,0.020888009901093293,7.226442141075508,65.91827730744018,6.0
