,Average_zcr,Std_zcr,Average_mfcc,Std_mfcc,Encoded_Genre
song0,0.0598267452556158,0.04814416985316751,1.3019950463656027,66.32142322586496,2.0
song1,0.03286387814313346,0.01823984079112811,3.2467084519823137,74.66993164691337,0.0
song2,0.05219990498310811,0.020879423081563937,7.227504457781662,65.92313677636686,6.0
